"Month","State.Postal.Code","Population.Staying.at.Home","Population.Not.Staying.at.Home","Number.of.Trips","Number.of.Trips.1","Number.of.Trips.1.3","Number.of.Trips.3.5","Number.of.Trips.5.10","Number.of.Trips.10.25","Number.of.Trips.25.50","Number.of.Trips.50.100","Number.of.Trips.100.250","Number.of.Trips.250.500","Number.of.Trips.500","year"
"1",1,"AK",5399652,17460926,82339431,23645949,22532312,11155673,11866106,8358807,3435007,878598,248153,92743,126083,2020
"2",1,"AL",26770055,124753946,480750893,101832902,117792357,64827333,80032764,76060130,26067650,9515830,3624199,821462,176266,2020
"3",1,"AR",17371714,76056861,293317065,66757724,76148638,37376510,45477006,42529102,15629624,6229720,2512763,550424,105554,2020
"4",1,"AZ",45190744,177130282,753096761,197653830,184830569,91576417,113039399,114711941,34340751,9905997,5446645,956223,634989,2020
"5",1,"CA",235705944,990562451,4363563404,1201920760,1124731985,513391199,619980043,593917644,213113789,68977537,20929788,4408400,2192259,2020
"6",1,"CO",38495987,138066497,739278153,189005336,189375676,90555520,113166703,108927439,30961967,11508010,3861302,987979,928221,2020
"7",1,"CT",23175797,87576818,398979992,94538788,104588130,49645020,59914733,61249950,21195614,6140915,1151270,224709,330863,2020
"8",1,"DC",6541273,15234832,96281153,35013856,24038149,13447205,13817287,7703154,1641327,311412,136410,70827,101526,2020
"9",1,"DE",6354043,23628258,107735256,25610817,26544387,13657726,17501068,16135469,6068440,1732498,429804,30747,24300,2020
"10",1,"FL",118909555,541369520,2274729020,585614128,576346316,295306371,361608274,319807847,92752495,26872151,11813759,2646243,1961436,2020
"11",1,"GA",62824272,263279453,1126996644,257538390,274244840,140129880,182084711,175734189,65006389,19107885,9653844,2517925,978591,2020
"12",1,"HI",8598745,35436476,154757713,46247885,41099539,18098587,21889511,23773400,2759687,588321,171220,58001,71562,2020
"13",1,"IA",21075254,76765241,338392766,83879054,91751285,39556027,46788037,46642106,18591907,7236342,3191505,542789,213714,2020
"14",1,"ID",11389063,42991385,180607318,45884759,50700309,22363497,25979204,22545903,8070063,3101057,1553847,288271,120408,2020
"15",1,"IL",86438170,308535310,1492848052,391534504,374957176,179635353,223233289,218588345,75423759,17764511,8433868,2103551,1173696,2020
"16",1,"IN",42757277,164690941,763181769,184466897,193634516,95698217,118102896,114157016,38633272,12109851,4839272,1045797,494035,2020
"17",1,"KS",19425340,70831315,315014012,79544834,84963222,37716608,44016543,42761180,15815546,6083787,3161397,686484,264411,2020
"18",1,"KY",28422041,110098421,537737694,123307333,136724253,70580190,85341586,80176238,27246139,9499789,3964988,664676,232502,2020
"19",1,"LA",27156100,117303218,532044982,131862990,133839885,67965693,86025844,71635966,25270782,10610286,3875807,701155,256574,2020
"20",1,"MA",48514569,165452050,929784996,239834425,244101606,115329130,137811001,136361299,44015527,9515671,1807243,348170,660924,2020
"21",1,"MD",37657684,149666574,686962505,173394809,161138540,79769513,108235456,113949613,38067757,8610796,2786513,572084,437424,2020
"22",1,"ME",9413132,32077392,139866652,29511894,34701557,17665729,21556171,23606753,9077990,2776167,786473,94448,89470,2020
"23",1,"MI",65007383,244865982,1103146329,269816891,271166940,135307773,172701193,172333739,57290125,16395305,6062827,1388267,683269,2020
"24",1,"MN",35749573,138196976,581392801,140461819,139412650,66380907,85736962,98024973,33507514,11383449,5043363,824750,616414,2020
"25",1,"MO",41247354,148672658,635362150,151136267,160358072,75596719,97101894,99713943,34519427,10166703,5217318,1110337,441470,2020
"26",1,"MS",15947878,76634552,288055878,65375945,72802362,34351842,44783878,43505005,16809709,6758149,2921404,626289,121295,2020
"27",1,"MT",7928737,25002718,107968634,30028317,31351374,12871912,13420277,11115321,5018892,2698003,1160703,187149,116686,2020
"28",1,"NC",61177871,260714349,1164680123,252809831,289988739,151431135,194527373,186284992,60502395,18841712,8095761,1597489,600696,2020
"29",1,"ND",5111353,18451034,75575435,19928933,21969204,10167704,9291377,6898542,3551408,2414406,1101498,184839,67524,2020
"30",1,"NE",12602079,47205229,205280084,50814253,55620143,26206208,30875064,25751101,9024379,4570209,1906182,368577,143968,2020
"31",1,"NH",8614466,33435732,162946475,34185692,39014673,19535082,25163378,29284088,12092548,3102984,460639,48303,59088,2020
"32",1,"NJ",60696445,215467675,1084506438,296495236,272199317,128586920,158693100,155398280,53376010,14572463,3867607,735037,582468,2020
"33",1,"NM",13230769,51727499,272264443,69230882,74883480,35557012,41093098,29884181,11793612,6501557,2616310,569590,134721,2020
"34",1,"NV",19576294,74489858,336975885,93130263,83704058,42673748,56517300,46677021,8057190,3377092,2124050,480573,234590,2020
"35",1,"NY",157717080,448091399,2513242621,714062355,621835088,308084948,389609433,348877598,93260180,26104637,8263340,1506863,1638179,2020
"36",1,"OH",75360241,287012461,1304310075,319593163,320803898,158923033,207771034,209790977,60897494,17996940,6439304,1402140,692092,2020
"37",1,"OK",24489465,97745984,409874387,99934823,104248898,48873106,61542754,63510444,20257189,7703747,3085417,539811,178198,2020
"38",1,"OR",29090811,100821292,482557368,134344854,133305630,60037394,64861078,62392671,18151820,6709141,2020516,397333,336931,2020
"39",1,"PA",86827470,310191390,1400026144,360564472,350437572,173154948,219284795,206121605,60821338,19824790,8040764,1191266,584594,2020
"40",1,"RI",6776140,26000625,122430900,30627983,32174463,15000838,18773831,18657684,5751254,1079366,239005,58435,68041,2020
"41",1,"SC",29057016,128550921,551495560,122311961,137331403,71465839,91261425,88708468,26633444,8660851,4062326,788660,271183,2020
"42",1,"SD",5879427,21469858,91410367,23265266,25519562,11382851,12195326,10307447,4875453,2460596,1140665,187408,75793,2020
"43",1,"TN",40733984,169136326,732187682,164358676,181577628,92080711,117929944,119426003,37805652,11965109,5190727,1403279,449953,2020
"44",1,"TX",158139213,731617982,2935283645,722388879,733830146,357373624,444607689,445280316,153370804,49099384,22125788,5064605,2142410,2020
"45",1,"UT",20597691,77396564,390164051,101404850,102154944,50077087,57989990,50508098,17971506,5442775,3568144,739528,307129,2020
"46",1,"VA",52355664,211692571,989553159,244672932,243845876,123211305,155241716,151558952,48713462,15110377,5505818,1102155,590566,2020
"47",1,"VT",4417070,14998199,74990497,16804497,19813255,9966640,10482296,11932185,4535137,1090210,282549,40846,42882,2020
"48",1,"WA",49637569,183965752,830346915,224860470,216835093,100302607,123216451,116199119,34706345,9544034,3339587,553733,789476,2020
"49",1,"WI",36348370,143872238,615557704,141609861,153359685,75632408,96032758,95665951,35226477,11780742,4997727,842465,409630,2020
"50",1,"WV",13034628,42946164,194683873,46484976,50716566,24518269,29494077,27833648,10485498,3625595,1286931,189295,49018,2020
"51",1,"WY",4239519,13670328,69692406,18902811,20772135,9320510,7039576,5679559,4255792,2537101,1018133,118381,48408,2020
"52",2,"AK",4774232,16611470,78828130,21746371,21191420,10533670,11888369,8261345,3474191,988188,339596,154163,250817,2020
"53",2,"AL",23760166,117988093,478396549,100629774,117230368,64096891,79235247,75083286,25843456,10187249,4702841,1013659,373778,2020
"54",2,"AR",15189940,72210985,293798846,65350774,76802245,37892490,46143388,42117539,15356949,6332410,2829666,742362,231023,2020
"55",2,"AZ",41430011,166547723,727223354,186988850,173442025,87789380,111037498,114393293,34882632,10046292,6066121,1438388,1138875,2020
"56",2,"CA",222606608,924547697,4201518123,1141728428,1066074403,495004641,598211756,573973756,213398040,75212250,26230856,6386992,5297001,2020
"57",2,"CO",35271135,129900221,702471364,172873507,177700856,87357524,109870563,105681803,29773465,12158713,4095578,1092752,1866603,2020
"58",2,"CT",20486150,83121135,364533378,85121421,95072533,45237157,54862585,54973966,19657955,6769490,1940309,363908,534054,2020
"59",2,"DC",5901189,14470006,89156850,31818114,22306904,12225348,12745114,7291894,1814055,378889,260579,125414,190539,2020
"60",2,"DE",5394125,22653834,95552298,21724008,23339650,12157759,15807280,14381367,5463444,1867530,637426,87829,86005,2020
"61",2,"FL",108443865,509236560,2064730003,515931130,524336117,270124231,330932050,290458129,86000845,27863101,13233215,3081515,2769670,2020
"62",2,"GA",54606943,250457832,999399909,216371633,243546368,126227725,165472159,156969152,58435782,18154092,9929782,2750824,1542392,2020
"63",2,"HI",8061277,33132962,148137130,43393185,39458892,17585986,20663329,23204794,2680605,578363,294042,100696,177238,2020
"64",2,"IA",18220732,73307473,340143152,82949963,89784484,40051056,46934038,47501434,19505349,8022143,4070424,854684,469577,2020
"65",2,"ID",10050730,40821302,172010967,42564977,46220365,21609587,25388699,22386409,7993241,3264026,1778531,499309,305823,2020
"66",2,"IL",77918196,291573124,1478744351,382245076,368491694,177532217,219077991,217377005,77792421,19835756,10759868,3200454,2431869,2020
"67",2,"IN",37684686,156379776,705808251,164236295,179190792,89493049,109909096,105834661,36308985,12505430,6068489,1375465,885989,2020
"68",2,"KS",17239936,67193709,320093570,79943740,85798697,38009850,44965563,43705962,16354904,6492872,3546809,803126,472047,2020
"69",2,"KY",25147246,104436412,484715139,104895470,123342966,64564569,78205547,72837714,25364422,9413981,4590515,1019920,480035,2020
"70",2,"LA",24415563,110723799,534487051,131940036,134505531,68437916,85917687,71564104,25288781,11025911,4351262,973241,482582,2020
"71",2,"MA",43553138,156609183,843672948,214299180,220406526,104840035,125617081,121619305,40615356,10906036,3424824,656068,1288537,2020
"72",2,"MD",32989638,142249184,632388650,153272798,148263391,75369841,102238046,103980456,35628129,8889538,3167322,756724,822405,2020
"73",2,"ME",8118787,30694929,127168543,25510173,31616712,16436623,19683413,21334984,8119507,2944184,1138288,191501,193158,2020
"74",2,"MI",57240782,232640753,1016426893,241238785,246201936,125127519,160040158,160544741,54470532,17482028,7947079,1840748,1533367,2020
"75",2,"MN",31690468,131033723,593292503,145323198,140478975,66657753,86635798,99547490,34177937,12339259,5710914,1189384,1231795,2020
"76",2,"MO",36626449,141040659,632018413,148217797,157631152,75534571,96618021,99387290,35179651,10943090,5992223,1647213,867405,2020
"77",2,"MS",14032130,72577240,288044640,64105236,72433701,34939212,45009950,43067626,16863882,7100137,3447000,814328,263568,2020
"78",2,"MT",6867245,23939600,103560141,27617924,29077396,12306642,12887867,12238035,4982472,2688158,1267288,262408,231951,2020
"79",2,"NC",53770964,247354016,1031935920,213750832,253903970,135829354,175908536,167005248,54402323,18459955,9330883,2110313,1234506,2020
"80",2,"ND",4395917,17646316,73964791,18979186,20833908,9738427,9466437,7215778,3614808,2502645,1212593,257291,143718,2020
"81",2,"NE",10890351,45058421,207667773,51409611,55146747,26409525,31389604,25917691,9260138,4950065,2326600,547935,309857,2020
"82",2,"NH",7460793,31876489,142222784,28311473,34675414,17486960,21849873,24805061,10507843,3407450,850213,126925,201572,2020
"83",2,"NJ",53509141,204837939,975448399,257647907,243943469,116823155,145376527,140161152,49321232,15454413,4559769,953924,1206851,2020
"84",2,"NM",11776644,48990768,261470925,64630787,70326455,33970164,39852298,30755447,11532836,6513891,2825685,731179,332183,2020
"85",2,"NV",18239028,69758340,320264545,87202029,78425812,40358181,54524777,44869483,7716045,3363430,2395205,873019,536564,2020
"86",2,"NY",141866800,424857261,2348370784,663829825,582960714,287888420,361612873,320201681,87271709,27855030,11046914,2492327,3211291,2020
"87",2,"OH",67119082,271874736,1197522788,285758236,296355964,146037303,189825134,191396862,57175118,18825613,8592407,2109123,1447028,2020
"88",2,"OK",21947712,92401579,408282001,98448743,103631011,49481869,61411004,62240193,20019411,8083522,3871750,747975,346523,2020
"89",2,"OR",25977841,95552836,470149856,128188616,125953665,58290446,65571430,61933125,18455090,7320774,3068281,595372,773057,2020
"90",2,"PA",76008981,295395759,1306749989,328265066,327927912,164295632,205641417,189516403,57554171,20912186,9358413,1872118,1406671,2020
"91",2,"RI",6073475,24588660,110199501,27322399,28976256,13805312,16696194,16138840,5220170,1389307,431169,89264,130590,2020
"92",2,"SC",25122091,122317592,494256370,104327587,123353302,65323002,83934245,79384246,23804157,8120102,4595402,935120,479207,2020
"93",2,"SD",5033702,20551113,91818688,23038242,24942689,11349814,12427336,10741127,4925239,2627338,1319442,301131,146330,2020
"94",2,"TN",35701745,160628545,694157093,150013406,171865396,88149160,113179516,113401887,36296652,11887632,6521183,1901858,940403,2020
"95",2,"TX",141899618,690453887,2905610572,706602466,722807227,353177509,440107989,440992300,154808439,50747047,25458617,7197266,3711712,2020
"96",2,"UT",18455283,73216762,370363576,93055048,94858412,46673875,55513635,49904176,18539819,6032675,3707650,1278256,800030,2020
"97",2,"VA",45981499,201031366,896341269,214461368,220055853,114028473,143770656,136525191,43638679,14851144,6354779,1491767,1163359,2020
"98",2,"VT",3759894,14402777,66567160,14504573,17043183,8762883,9835124,10362989,4174164,1178779,504589,98116,102760,2020
"99",2,"WA",43700620,174831519,815002338,215963514,203405084,98143131,123847159,118323706,36906165,11045222,4805689,904321,1658347,2020
"100",2,"WI",32499313,136094159,615099728,139579265,151241675,76172114,96157615,94741420,35752180,13056794,6241824,1234910,921931,2020
"101",2,"WV",11010900,41358228,169834500,36398976,43313176,22094699,27193777,25474123,9786089,3735378,1435452,284725,118105,2020
"102",2,"WY",3714274,13040099,65935273,17166799,19208269,8595209,6991060,6010928,4204943,2423827,1062569,172496,99173,2020
"103",3,"AK",6243309,16617269,68239881,19043203,19292016,8545293,9707983,6916409,3065137,1011020,313045,144266,201509,2020
"104",3,"AL",29150919,122373082,480352430,109232791,119735778,62670031,76314252,71723117,24913468,9778113,4786293,953499,245088,2020
"105",3,"AR",18350468,75078107,287377563,65596411,75343163,36183598,44165665,40982003,14711725,6286921,3261352,696704,150021,2020
"106",3,"AZ",55090267,167230759,650409802,193890228,148898715,70941341,89513659,96555006,31841846,10103472,6488646,1345118,831771,2020
"107",3,"CA",306059229,920209166,3480038727,984396693,878819109,386772622,470835899,469765564,181570302,69823241,28272670,6318560,3464067,2020
"108",3,"CO",46981851,129580633,624863460,173614078,153093232,71183275,91041986,90506625,26379796,11646320,4665407,1343013,1389728,2020
"109",3,"CT",27189094,83563521,368256966,91818666,97408837,44434863,53066971,53948047,19062857,6064017,1490399,333199,629110,2020
"110",3,"DC",7300180,14475925,91998538,35239459,22982806,12073204,12340538,7017270,1569121,387901,154224,110331,123684,2020
"111",3,"DE",7133471,22848830,97726940,24127852,24449257,12032313,15166520,13936123,5449222,1812883,617196,68397,67177,2020
"112",3,"FL",146541981,513737094,2102457059,556002957,546390595,265015083,320626025,282742451,85007695,27232569,13873304,3505168,2061212,2020
"113",3,"GA",72634487,253469238,1093118804,267043595,266408386,130603055,169773750,161829751,61332786,20258506,11552632,3080851,1235492,2020
"114",3,"HI",10702985,33332236,115362187,33663174,30823077,13436571,16031929,18260428,2133616,512754,260492,96913,143233,2020
"115",3,"IA",22552131,75288364,320504348,81924496,82658711,36135296,43127209,44167039,18057461,8064729,5140332,953744,275331,2020
"116",3,"ID",13034584,41345864,152107217,40148950,39605898,17596430,21801217,19721938,7244738,3179114,1959470,633155,216307,2020
"117",3,"IL",100500820,294472660,1361436391,371125530,337747349,157494508,193567639,193818745,70588612,20216228,11817078,3212601,1848101,2020
"118",3,"IN",49305054,158143164,708257149,180953541,177758614,85012433,103943222,102515158,35862664,13299175,6659715,1445659,806968,2020
"119",3,"KS",21810185,68446470,297577843,76152740,78882978,34193719,40686756,40674388,15271114,6414078,4106066,868421,327583,2020
"120",3,"KY",32227994,106292468,500576699,117051014,126781169,64307988,77810600,72689661,25299172,10153618,5091409,985882,406186,2020
"121",3,"LA",30117387,114341931,515310870,128565309,131215018,64983741,80756909,68543509,24544651,10977245,4471601,934467,318420,2020
"122",3,"MA",56860846,157105773,833736424,222844443,221875736,100436257,118895642,115801536,38620687,10444976,2807695,625982,1383470,2020
"123",3,"MD",43712851,143611407,656065987,174914005,155255931,75993970,99943543,100993833,35014115,9478784,3034659,790327,646820,2020
"124",3,"ME",10168358,31322166,128482830,26655748,32600864,16132437,19554361,21210210,7968920,2830878,1172030,166372,191010,2020
"125",3,"MI",77589954,232283411,983241429,253059433,239966557,115542576,145890467,146168693,51696409,18524485,8938599,2152542,1301668,2020
"126",3,"MN",41590737,132355812,547336997,144250272,129360975,58526870,74800684,88330741,31367092,12083827,6352562,1340973,923001,2020
"127",3,"MO",45894424,144025588,594141028,143423680,147540252,69732131,88834125,91160392,33087858,11340420,6848649,1539120,634401,2020
"128",3,"MS",16607365,75975065,289486629,64994558,74169578,35225378,44651916,42272189,16404291,7074770,3657310,858590,178049,2020
"129",3,"MT",8687794,24243661,96405446,27951107,26023567,10567750,11402981,11125623,4889684,2669583,1267289,284030,223832,2020
"130",3,"NC",70380020,251512200,1116148393,258770465,279956380,140271041,177597875,168489807,56573225,20017138,11226545,2387958,857959,2020
"131",3,"ND",5474982,18087405,69211812,18626933,18306527,8486743,8702948,7390618,3678379,2455183,1166926,260754,136801,2020
"132",3,"NE",13750250,46057058,194420164,52694581,49890688,22773392,27570432,24166277,8783371,4926189,2802290,573868,239076,2020
"133",3,"NH",9845701,32204497,138776933,29375488,33631965,16443357,20741063,23656550,10322609,3536424,758493,109306,201678,2020
"134",3,"NJ",73446291,202717829,993021618,285352657,251426462,113496803,139384105,134330288,47225274,14692042,4932140,1137611,1044236,2020
"135",3,"NM",15370476,49587792,239070334,65555107,62354065,28741302,33762948,27032096,11238972,6453316,3002909,660924,268695,2020
"136",3,"NV",24177979,69888173,282421252,84687795,67416788,33058793,44347153,38881985,7070376,3239384,2681404,686109,351465,2020
"137",3,"NY",181596831,424211648,2367942407,713124225,595309447,282805648,347604068,302203320,82593709,27961714,11277095,2435630,2627551,2020
"138",3,"OH",89075759,273296943,1166190568,292828997,288568820,138538809,177465541,179641374,55661883,19983227,10066699,2145237,1289981,2020
"139",3,"OK",27430017,94805432,381823192,93162186,96906768,45931062,56490479,57630090,18843604,7936814,4038656,692947,190586,2020
"140",3,"OR",34604892,95307211,396354729,117249184,101028064,45476071,52120984,52457105,16359042,7111907,3198662,772572,581138,2020
"141",3,"PA",99536539,297482321,1300922284,349404833,327622860,156416897,194844987,179858446,56022935,22173425,11547624,1914167,1116110,2020
"142",3,"RI",7882563,24894202,110018391,28346639,29531095,13194626,16070628,15689409,5135191,1408122,403756,96119,142806,2020
"143",3,"SC",32799398,124808539,540755718,126071245,136712457,68140030,85375242,82656422,25760097,9070144,5486717,1094155,389209,2020
"144",3,"SD",6093641,21255644,90843020,24676543,23813616,10761167,11666794,10572257,4949592,2589429,1378769,308296,126557,2020
"145",3,"TN",44918998,164951312,693758367,158205621,174603805,85939032,108333897,108410074,35591834,12740601,7199540,2077911,656052,2020
"146",3,"TX",184173025,705584170,2702983643,680219022,674891621,317343202,394110594,404092351,144782664,51626321,26608217,6388728,2920923,2020
"147",3,"UT",24206099,73788156,318774908,86579263,78757792,37522678,45365880,42259760,16379041,5813372,3997019,1557966,542137,2020
"148",3,"VA",60937614,203110621,924327530,236043301,226480469,112960955,141409740,135999125,45324929,16632279,7133387,1474774,868571,2020
"149",3,"VT",4741626,14673643,64659261,14350798,16947741,8464493,8770576,10290699,4013081,1177813,444216,91561,108283,2020
"150",3,"WA",59531132,174072189,679984157,188905135,168459628,77152070,98910915,96921777,31786242,10294539,4943161,1251841,1358849,2020
"151",3,"WI",41654376,138566232,561294002,131049386,137050034,67006970,84727713,86092291,33234675,12985270,7024481,1510106,613076,2020
"152",3,"WV",13931486,42049306,171785792,38190870,44617713,21491417,26318782,25083007,9889245,4114672,1668306,300520,111260,2020
"153",3,"WY",4509964,13399883,60721089,17209532,16493540,7450287,6158351,5661826,4147411,2256820,1068831,195867,78624,2020
"154",4,"AK",6811570,15311570,60332003,18754263,17223716,7429397,8030742,5744728,2160786,632979,187949,65944,101499,2020
"155",4,"AL",32704274,113931856,405844110,95898998,104763436,53338347,63278814,58487349,19609704,6877502,2805221,634870,149869,2020
"156",4,"AR",20023915,70390835,246933317,58155637,65430792,31194654,37940881,34938988,11883814,4767966,2070084,458272,92229,2020
"157",4,"AZ",63686877,151462503,530499686,163680591,124899509,57339341,70810373,75225048,24943721,7963908,4382180,793134,461881,2020
"158",4,"CA",355944267,830767083,2616733536,726190469,694718304,285875765,345030686,352514766,136283717,50234916,19236607,4541723,2106583,2020
"159",4,"CO",53763962,117102958,513927890,151679381,128456648,57015753,71501861,71199353,21068716,8049626,3265066,955539,735947,2020
"160",4,"CT",30289889,76890061,301661897,77439024,82883812,37353389,43533325,42010864,13387448,3655880,818693,207223,372239,2020
"161",4,"DC",8270242,12803408,68698335,26107715,17341604,8954796,9261132,5402748,1101034,277559,114090,69743,67914,2020
"162",4,"DE",7921890,21093240,82935016,21528041,21640593,10325681,12658807,11295734,3940655,1107186,359378,40988,37953,2020
"163",4,"FL",168407398,470572352,1691033934,469635048,453521598,208030626,247754904,216257878,64755147,19333757,8469287,2149325,1126364,2020
"164",4,"GA",79597015,235987235,933207534,236081585,235655853,113362672,143624768,131335004,47433114,15175279,7812667,2052106,674486,2020
"165",4,"HI",12151925,30462805,97550258,30021914,27093522,10912843,12958236,14160189,1775882,417821,111370,41103,57378,2020
"166",4,"IA",25172750,69511600,276850516,73016694,72150567,32052508,38036952,37806599,14482469,5801383,2823069,518500,161775,2020
"167",4,"ID",14435581,38190659,140148634,39970287,36959038,15971440,19156768,17470037,6249693,2608411,1354067,304776,104117,2020
"168",4,"IL",113746346,268486054,1100513610,317639654,276335092,124747614,151396430,150220138,52962949,15306036,8475041,2358290,1072366,2020
"169",4,"IN",54589731,146166609,601515711,163151872,154688105,72454971,87193667,81987578,27121236,9320485,4202109,958397,437291,2020
"170",4,"KS",24809036,62536114,245771441,66770240,65157460,27968534,33029872,32797208,12158142,4747529,2437343,525802,179311,2020
"171",4,"KY",35256991,98795069,429507256,105499727,111658481,55778023,66564765,59392807,19401935,7010278,3338374,646344,216522,2020
"172",4,"LA",33532763,106266577,424603779,108490488,112377504,53676692,65339266,54595287,18901402,7614162,2857841,543117,208020,2020
"173",4,"MA",64068433,142996037,675407456,185991607,187061171,81967583,95104269,89000802,27049745,6549567,1490939,375930,815843,2020
"174",4,"MD",50079601,131201939,522180701,143931485,129173872,60483348,77605475,76177728,25529039,6434319,1954060,531103,360272,2020
"175",4,"ME",11211325,28940795,111627434,23432370,28985699,14537660,17633054,18062946,6286708,1906565,591755,75589,115088,2020
"176",4,"MI",89596183,210281267,798597132,220449366,207339616,94812401,115353593,107193938,34682564,11511865,5271546,1267696,714547,2020
"177",4,"MN",47871978,120463392,434350934,114375533,104863057,47567722,59695281,68912341,24654213,8938630,4198629,713891,431637,2020
"178",4,"MO",51783573,132009987,491112486,125808368,123922494,57181717,71653466,71776590,25996063,8693459,4718894,999880,361555,2020
"179",4,"MS",18512384,71083516,246695345,56873990,65776276,30874479,38202517,34799824,12518665,4835186,2140622,563492,110294,2020
"180",4,"MT",9533300,22335850,85505592,25389330,22888467,9109935,10342814,10011290,4322171,2279683,890171,151894,119837,2020
"181",4,"NC",77412427,234096173,952704328,234221098,246150290,120413818,148514886,137827827,43553723,13897606,6264269,1415881,444930,2020
"182",4,"ND",6173905,16628405,58614343,15657907,15407460,7038139,7432074,6666842,3319976,2011602,865971,159273,55099,2020
"183",4,"NE",15429427,42448613,164415709,45229522,42571415,19376433,23375574,20833817,7358211,3521330,1684922,334815,129670,2020
"184",4,"NH",10936358,29757382,119288344,26144774,29785283,14696596,18514737,19708387,7869360,1986475,406323,57814,118595,2020
"185",4,"NJ",83052301,184203299,786321203,232197261,207799769,90842100,108275848,99424501,33017047,9913855,3420091,834189,596542,2020
"186",4,"NM",17316200,45546640,199637323,55907641,53558092,23882517,27329645,22290979,8966298,4962598,2144394,466625,128534,2020
"187",4,"NV",27656266,63375494,233570031,72555289,57674649,27025366,34132835,30708368,6133311,2786722,1940039,418136,195316,2020
"188",4,"NY",205703515,380562755,1816687343,542395384,475875844,218313216,263451712,228318431,59882807,18484703,6799279,1677890,1488077,2020
"189",4,"OH",98919327,251763933,982772823,258415240,250182576,118775648,147039541,144409882,42422638,13792237,5748954,1350045,636062,2020
"190",4,"OK",30924584,87367786,316192716,79670854,82127447,37982830,46085845,46341467,14898447,5912037,2582341,468777,122671,2020
"191",4,"OR",38447131,87274259,341995412,106659526,88616118,38301793,43127369,43791756,13537277,5119702,2014713,484884,342274,2020
"192",4,"PA",111558079,272653721,1057017002,289111107,276590297,128050883,157246851,141321775,40672166,14912964,7240361,1288569,582029,2020
"193",4,"RI",8817030,22902420,91476589,24696256,25239029,11022781,13150515,12488551,3778814,759244,207497,52547,81355,2020
"194",4,"SC",35455059,117068751,481801987,124939128,124678006,59234021,72966254,68866801,20578186,6515308,3159895,659908,204480,2020
"195",4,"SD",6809417,19657633,78355383,21456700,20313138,9115417,10278572,9593837,4350392,2069185,944595,162590,70957,2020
"196",4,"TN",50219678,152880622,601760534,147580285,156795583,75295653,91945507,88074916,27164222,9001869,4244304,1296902,361293,2020
"197",4,"TX",210955845,650099505,2183019662,569997689,562110963,252768729,308375855,314204912,112506829,39041076,18252265,4170209,1591135,2020
"198",4,"UT",26983016,67850134,287265085,83670093,72180917,33962442,39397903,35924440,13452609,4639388,3036575,755572,245146,2020
"199",4,"VA",68119468,187411082,764204114,199048751,195457173,94327973,115080281,108225967,34802339,11291195,4565362,905478,499595,2020
"200",4,"VT",5279582,13509388,55119663,12349565,14867961,7461622,7904735,8464143,2962429,765503,234667,45769,63269,2020
"201",4,"WA",66533878,159533852,589135169,176085016,153024350,65478909,81035539,77061519,23949570,7664919,3373679,713959,747709,2020
"202",4,"WI",46834031,127573009,469343075,116842636,115848260,55339913,69289288,70968534,26222068,9306687,4359349,831351,334989,2020
"203",4,"WV",15016932,39158028,149693357,34101855,40072713,19182303,23384241,21222517,7572632,2836018,1072564,182065,66449,2020
"204",4,"WY",4969609,12362501,52853053,15478262,14460946,6363556,5447831,4808318,3583858,1804433,751964,113545,40340,2020
"205",5,"AK",6383035,16477543,69901724,21015492,19195126,8764900,9515001,6899024,3033708,1031247,269179,69681,108366,2020
"206",5,"AL",26763032,124760969,472803602,105638959,116515210,63192541,76605137,72237604,24798345,9128710,3706424,846154,134518,2020
"207",5,"AR",17111054,76317521,291300599,68778729,75472805,36767336,44712075,41318022,14829093,6166401,2639229,530810,86099,2020
"208",5,"AZ",56036149,166284877,607851755,172830229,144694279,69509831,85147463,88775518,28980518,10281371,6157690,1028966,445890,2020
"209",5,"CA",320213633,906054762,3006554768,804686667,767608735,339679937,413145247,420455466,167058384,63188258,23850287,5080955,1800832,2020
"210",5,"CO",45263053,131299431,641671350,181222057,159467001,74042942,91987435,89691527,27612305,10944728,4766229,1249489,687637,2020
"211",5,"CT",26454093,84298522,373190146,98284209,99755638,45953026,53538032,51843406,16969343,5014795,1134895,302372,394430,2020
"212",5,"DC",7813468,13962637,83410538,32908226,20181887,10725151,11122472,6348084,1489723,351638,131875,74610,76872,2020
"213",5,"DE",6980964,23001337,101021536,26635698,25664466,12437173,15467027,13783757,5000052,1563322,405383,37622,27036,2020
"214",5,"FL",138634096,521644979,2014836760,542614655,520656862,254905249,307171394,266737422,81332067,25960810,11597483,2609344,1251474,2020
"215",5,"GA",67195901,258907824,1076358769,256460321,265221154,133564625,171398083,158218522,57512103,19524163,10896834,2842788,720176,2020
"216",5,"HI",11477485,32557736,109539135,33844194,29602990,12376882,14691931,16393585,2029174,402458,104837,37910,55174,2020
"217",5,"IA",21888281,75952214,333148355,87092528,86971433,38437211,45441037,45922608,17782244,7411250,3367052,577627,145365,2020
"218",5,"ID",12693968,41686480,163644376,43614051,43043034,19616424,23241577,20625107,7678037,3504749,1864109,353727,103561,2020
"219",5,"IL",99268278,295705202,1337899815,379063422,333694999,154885412,187624733,184288328,65502832,19297886,10047290,2524252,970661,2020
"220",5,"IN",45844358,161603860,718954493,184521337,182559723,88830130,107771572,102527011,34381292,11858380,4973060,1105010,426978,2020
"221",5,"KS",21099303,69157352,300831626,80002401,80258231,34680423,40639247,39836734,15238917,6177676,3183044,631497,183456,2020
"222",5,"KY",30148403,108372059,503289176,120241060,127564374,65673407,79273222,72152026,24124203,9162320,4106695,769360,222509,2020
"223",5,"LA",28212247,116247071,502553111,126357057,127981024,64081478,78984237,66793564,23522584,9961800,3987421,658807,225139,2020
"224",5,"MA",56907489,157059130,856883250,247959326,228522809,102222526,119361868,111154573,35173749,9440012,1783434,456505,808448,2020
"225",5,"MD",45358757,141965501,616844816,170829785,149750088,71222845,91313069,90755628,30728175,8271365,2920039,714537,339285,2020
"226",5,"ME",9676335,31814189,143085927,32085232,34992844,18133814,22496926,23389271,8307468,2730697,776708,84185,88782,2020
"227",5,"MI",74664169,235209196,1007819859,272094629,247938427,120189762,149832689,143918347,48292503,16477246,7068220,1352570,655466,2020
"228",5,"MN",40822047,133124502,544394247,146443737,127870500,59551686,74850197,85294127,31017143,12164108,6042099,796290,364360,2020
"229",5,"MO",43850538,146069474,597835511,149222426,149622038,70104409,88677544,88936642,32439010,11330270,6034466,1108277,360429,2020
"230",5,"MS",15534474,77047956,287761283,66405352,73185074,35172170,45405004,42144301,15660532,6237633,2770342,672272,108603,2020
"231",5,"MT",8323946,24607509,102921286,29504231,27998323,11399270,12689144,11510559,5276622,2981664,1267625,202877,90971,2020
"232",5,"NC",66483233,255408987,1074124780,246690391,268245029,137223514,173617089,164490770,53890661,18481359,9059255,1897046,529666,2020
"233",5,"ND",5261488,18300899,74948723,20806860,20056357,9290424,9181351,7750522,3861117,2622426,1146268,179091,54307,2020
"234",5,"NE",13551019,46256289,194560005,51064449,50656819,23932488,28207699,24611907,8890754,4626337,2085564,374473,109515,2020
"235",5,"NH",9211850,32838348,156562184,36555775,38017508,18919261,24126746,25487318,10050219,2807754,466629,55391,75583,2020
"236",5,"NJ",73966486,202197634,968119084,295691110,248325237,109976180,131747989,121384114,41223067,13571451,4578760,988871,632305,2020
"237",5,"NM",15061047,49897221,237210804,64793179,63308626,29098636,33340498,26194966,10617378,6237772,2909842,606511,103396,2020
"238",5,"NV",25200387,68865765,266819077,80000193,64612749,31299452,40131468,36382841,7270592,3571017,2822427,522038,206300,2020
"239",5,"NY",187935369,417873110,2245769663,694180908,569026724,265110435,322107064,281799861,76559950,24650738,9032482,1786503,1514998,2020
"240",5,"OH",82891857,279480845,1207076724,317834263,300345392,146761147,182983249,179618219,53151660,17502977,6661768,1534522,683527,2020
"241",5,"OK",25608578,96626871,384162992,95868813,97985726,46109423,56751021,57312521,18614481,7667711,3215008,525474,112814,2020
"242",5,"OR",35251829,94660274,389117407,115239221,99908703,44970398,50109994,51703902,16749186,6996580,2533623,563877,341923,2020
"243",5,"PA",97755453,299263407,1290206035,358128970,324428680,154521873,192911331,176210080,52650360,20178245,9250564,1335422,590510,2020
"244",5,"RI",7669881,25106884,115439930,32349071,31172551,13821845,16505026,15601304,4647198,989970,219994,65334,67637,2020
"245",5,"SC",29740257,127867680,538649189,127527919,135691771,68308937,86299572,81797219,24933058,8643778,4327990,890893,228052,2020
"246",5,"SD",5896339,21452946,94847249,25222571,24496822,11249706,12710173,11745826,5332097,2637054,1217067,179378,56555,2020
"247",5,"TN",41636477,168233833,718798682,168975445,181807760,90980246,113134819,110137173,34485004,11775666,5554568,1561419,386582,2020
"248",5,"TX",177648481,712108714,2625142061,674516259,662307710,311250649,381203647,382637409,135396936,48646966,22854911,4749172,1578402,2020
"249",5,"UT",23417383,74576872,349465816,96495384,89161891,43337706,49250690,43324356,16147822,6210323,4407522,883239,246883,2020
"250",5,"VA",60764631,203283604,893674795,235344472,222183651,109585355,134332581,127605000,41917496,14671545,6336233,1173211,525251,2020
"251",5,"VT",4576197,14839072,74700224,17486831,19484445,9956328,10881270,11428926,4020184,1074091,278673,42543,46933,2020
"252",5,"WA",60870979,172732342,682925476,199363554,170954746,76585968,95147450,94146028,30708570,10391948,4147126,757264,722822,2020
"253",5,"WI",40125967,140094641,579418688,145220919,139688480,68306192,86092358,87980878,32729354,12481099,5719100,939976,260332,2020
"254",5,"WV",13088455,42892337,185076663,43677761,47724838,23659726,28765611,26352800,9603469,3633329,1397122,204367,57640,2020
"255",5,"WY",4290968,13618879,67003867,19501901,18298752,8504305,6662388,5738520,4519696,2473772,1130070,134340,40123,2020
"256",6,"AK",6153987,15969153,63716148,18457530,17147809,8146683,8737358,6636689,3023700,1058672,273782,82991,150934,2020
"257",6,"AL",25749112,120887018,442612534,99378061,106657223,58191603,71256907,68260132,23976390,9399072,4341528,982911,168707,2020
"258",6,"AR",15963583,74451167,280850595,68027182,70743975,34274970,42577755,40063313,14809151,6535059,3090675,619928,108587,2020
"259",6,"AZ",54661239,160488141,565897494,158646357,130442623,63368209,80945496,85922560,28142915,9904148,6527724,1379644,617818,2020
"260",6,"CA",307674016,879037334,2814567025,738013808,691822613,316584164,390665418,405748141,168802182,67812758,27140109,5890293,2087539,2020
"261",6,"CO",42045665,128821255,610769245,169965512,146662189,69850944,88512023,87622305,27602717,12206141,5974633,1450828,921953,2020
"262",6,"CT",24811385,82368565,356818761,94347220,92582696,42590407,50485696,50503523,17867176,6202827,1555561,307450,376205,2020
"263",6,"DC",7346164,13727486,81420461,32364354,19837850,10384689,10522245,6001531,1613013,385520,161377,71177,78705,2020
"264",6,"DE",6509344,22505786,97694880,25643296,24265166,12002413,14720660,13449369,5189319,1834598,536719,31689,21651,2020
"265",6,"FL",132408590,506571160,1921530647,510702909,484972139,241404077,294792686,262570233,81872202,27156622,13268659,3100464,1690656,2020
"266",6,"GA",65499217,250085033,1003887282,242387980,239931711,121144854,157269487,149770337,56894760,20142672,12029895,3283323,1032263,2020
"267",6,"HI",11236956,31377774,103595839,32569364,27494915,11576895,13619822,16007519,1723910,311679,147126,41720,102889,2020
"268",6,"IA",20381718,74302632,321461272,85072263,81915686,35988309,43137200,44554704,17998978,7883703,3950015,772398,188016,2020
"269",6,"ID",11897042,40729198,152864566,40896329,39353276,17708572,21612632,19625260,7462192,3444993,2130765,473493,157054,2020
"270",6,"IL",90280444,291951956,1322192142,373473258,320828234,151979801,187712940,185687765,67758591,20566443,10580749,2565677,1038684,2020
"271",6,"IN",41813542,158942798,699920380,179865616,172088668,84943712,104769324,101823809,35590579,13132571,5904142,1316287,485672,2020
"272",6,"KS",19503981,67841169,290702934,77488295,75060864,33133463,39770162,39277695,15009423,6365118,3619539,733259,245116,2020
"273",6,"KY",28533119,105518941,478810357,114009364,119496069,61286234,74736798,69044665,24288316,9811608,4924141,925021,288141,2020
"274",6,"LA",27334493,112464847,474465278,119678741,118325042,59756811,74832169,63395551,22832141,10211888,4399360,764884,268691,2020
"275",6,"MA",53428380,153636090,814610599,233572214,210072178,94798557,113017890,109882918,38145186,11375939,2435907,523412,786398,2020
"276",6,"MD",42374993,138906547,593580309,164178494,138123555,67203523,88140587,89068476,32431180,9480310,3797084,764548,392552,2020
"277",6,"ME",8997076,31155044,135934837,30753412,32605610,16846754,20913174,22367807,8389986,2813104,1008122,131941,104927,2020
"278",6,"MI",66347583,233529867,1001970871,268299880,237031794,117795211,149691231,148025167,51993808,18661379,8244802,1537112,690487,2020
"279",6,"MN",37986000,130349370,522160637,137584831,119425182,56631605,72452470,84223247,31141253,12684770,6509940,1039717,467622,2020
"280",6,"MO",40630863,143162697,582612329,146824661,141322450,67144477,86418937,87869664,32804540,11703318,6725203,1333727,465352,2020
"281",6,"MS",14874669,74721231,269989918,62916334,66837014,32333298,42011170,39866301,15396848,6546301,3188140,767179,127333,2020
"282",6,"MT",7833835,24035315,94001880,26766118,24863499,10267919,11471730,10441012,5141325,3113755,1524505,277483,134534,2020
"283",6,"NC",63724849,247783751,1006118027,230082683,244529674,125690123,161934077,156461721,53491728,19707369,11079284,2537928,603440,2020
"284",6,"ND",4914075,17888235,69150900,19162410,18206171,8717073,8554158,6969080,3486619,2527673,1225590,220206,81920,2020
"285",6,"NE",12570232,45307808,186675794,49271760,47416802,22641166,26950805,23701692,8816460,4792574,2453225,466701,164609,2020
"286",6,"NH",8341376,32352364,153462830,35681033,36681492,18070616,23167051,25204792,10582785,3343625,600080,67833,63523,2020
"287",6,"NJ",69211071,198044529,933122852,284760019,232031891,102916838,125955263,120504615,44024796,16112468,5213913,1014140,588909,2020
"288",6,"NM",14257242,48605598,225078740,61298929,58846584,27489726,31646938,24897204,10389706,6287625,3295120,765362,161546,2020
"289",6,"NV",23949919,67081841,252153241,76167957,58664772,29495770,39166008,34471261,6621891,3490534,3116931,674722,283395,2020
"290",6,"NY",177770031,408496239,2166667654,676201470,533520385,248397035,310144376,277394664,78753876,27718319,10661023,2235915,1640591,2020
"291",6,"OH",76331173,274352087,1177135116,309182554,284501118,140216250,179381248,178584617,55215369,19326045,8156080,1806813,765022,2020
"292",6,"OK",24446012,93846358,369004443,94394244,91388542,43113864,54168268,55374428,18224147,7881489,3641848,653868,163745,2020
"293",6,"OR",33293639,92427751,373286133,110129668,93320494,42462267,48599533,50057202,16782006,7786852,3133939,670457,343715,2020
"294",6,"PA",91635563,292576237,1246307197,347302508,303511850,146280774,184134209,173481442,55000295,22961950,11344809,1650527,638833,2020
"295",6,"RI",7179815,24539635,111381165,31127032,29143389,13168219,15828762,15426209,5005237,1238249,308281,76056,59731,2020
"296",6,"SC",28949722,123574088,506588568,121585158,124627923,63059522,80004793,77102996,24412180,8997902,5345100,1155784,297210,2020
"297",6,"SD",5379151,21087899,88626383,23302550,22147921,10464950,12206064,10897440,5027006,2784174,1480390,246310,69578,2020
"298",6,"TN",39323024,163777276,681187810,161887826,166074987,84191513,106714890,106044419,34482327,12589853,6803782,1920698,477515,2020
"299",6,"TX",169764342,691291008,2479934415,634557493,606508194,289299601,363430588,370709996,133774516,48892875,24954799,5784449,2021904,2020
"300",6,"UT",22365800,72467350,324304056,87247671,80401262,39670514,46508622,41771744,16513474,6215617,4495102,1098771,381279,2020
"301",6,"VA",57425994,198104556,850236920,224262628,204040942,102104816,127254959,123543262,42440513,16508801,8088403,1449164,543432,2020
"302",6,"VT",4146436,14642534,72171665,16870381,18545933,9441250,10419455,11129875,4137007,1157159,370787,58901,40917,2020
"303",6,"WA",56987704,169080026,662287399,194313603,160446249,73585942,92221817,92978627,31454500,10899432,4692219,874082,820928,2020
"304",6,"WI",37024796,137382244,558258802,139092821,131372182,65262311,83291710,85468047,32596768,13190054,6492520,1172925,319464,2020
"305",6,"WV",12229014,41945946,177548546,42958613,44772648,21917472,26946680,25385493,9578775,3975411,1684069,266800,62585,2020
"306",6,"WY",3914668,13417442,63346525,18015686,16562663,7774976,6258813,5723466,4675644,2709952,1394448,174981,55896,2020
"307",7,"AK",6778813,16081765,57023529,16447913,14479236,7101818,8273849,5951585,2971985,1082566,316651,182221,215705,2020
"308",7,"AL",29562927,121961074,424419459,92858745,100840442,55461259,68807232,66769502,23841125,9684058,4883062,1044571,229463,2020
"309",7,"AR",18387242,75041333,265983223,62762638,66584703,32145500,40459807,38648665,14590384,6588672,3356337,690715,155802,2020
"310",7,"AZ",61939482,160381544,520180668,141089537,115178447,57145119,75466667,84395640,28572793,9773031,6327784,1469070,762580,2020
"311",7,"CA",349216979,877051416,2556625231,637304828,610689506,289454728,363716010,384014633,164765490,69617524,27800507,6054391,3207614,2020
"312",7,"CO",46719488,129842996,569570515,152436864,132580188,65390984,84429512,85608617,27507192,12566218,6009606,1566022,1475312,2020
"313",7,"CT",27740880,83011735,332002012,83335042,83342586,39746191,48148261,49381981,18218848,7194306,1860302,331605,442890,2020
"314",7,"DC",7720740,14055365,76460744,29016847,18697712,9931530,10442322,5761022,1782180,429926,175381,95129,128695,2020
"315",7,"DE",7261327,22720974,90361386,23200100,21835470,11098231,13885867,12620309,5021455,1972704,638534,47774,40942,2020
"316",7,"FL",152176449,508102626,1831566354,476784964,449579176,230531500,285915470,257502340,82125126,28704367,14670645,3479801,2272965,2020
"317",7,"GA",73411447,252692278,965438954,226719718,225154783,115609813,153507727,147884819,57762679,20979909,12917594,3596391,1305521,2020
"318",7,"HI",12515129,31520092,96542450,29609247,25038163,10719126,13000399,15691145,1728704,340730,227791,65752,121393,2020
"319",7,"IA",22868928,74971567,298697432,75595071,75026599,33408408,40585928,42960553,17822454,7977502,4207949,844739,268229,2020
"320",7,"ID",13284370,41096078,143044360,36994943,35524991,16551397,20609338,19494695,7424321,3589342,2143732,494577,217024,2020
"321",7,"IL",100592874,294380606,1254529251,339261851,299959606,145002187,181280041,183927576,68584439,21378954,11134217,2611926,1388454,2020
"322",7,"IN",47252023,160196195,658736467,161574939,158934367,79802106,99897528,99570971,35726253,14222179,6810010,1477514,720600,2020
"323",7,"KS",22358665,67897990,266328432,68779342,67575741,30009274,36714820,37238410,14539229,6391739,3863394,847271,369212,2020
"324",7,"KY",32309846,106210616,449066621,103271055,109917601,56680949,70597359,66669885,24324779,10423960,5654814,1128679,397540,2020
"325",7,"LA",31316833,113142485,448994847,110874462,109988935,56224332,71741420,61447987,22509586,10379155,4565695,901824,361451,2020
"326",7,"MA",58876769,155089850,761991701,209876707,192391424,89679456,108457277,106745824,37813443,12395820,3051360,621314,959076,2020
"327",7,"MD",46219606,141104652,564417538,149835430,127629192,65411839,86010430,87164941,32723080,10005636,4141037,897388,598565,2020
"328",7,"ME",9970968,31519556,128355856,28941382,29988131,15767482,19531483,21227348,8267730,3073985,1272000,171164,115151,2020
"329",7,"MI",74306890,235566475,949511799,246390984,217992492,110504392,143198923,144601035,53191859,20574969,10217836,1851261,988048,2020
"330",7,"MN",42834227,131112322,488413818,123755180,108994787,52451618,68620611,81805938,31088864,13061277,6889150,1099411,646982,2020
"331",7,"MO",46223194,143696818,542487931,130956881,129542955,62976514,82169091,84363211,31732872,11651869,6942169,1465101,687268,2020
"332",7,"MS",16984483,75597947,258232623,58766016,63375788,30310890,40173812,38971139,15294538,6749918,3531085,889331,170106,2020
"333",7,"MT",8686324,24245131,87985133,24131325,22670024,9498680,10709974,10587956,5176142,3182604,1570350,275503,182575,2020
"334",7,"NC",71232764,250659456,966627506,215020267,227755426,119811048,158057321,154761715,54505668,20930172,12102179,2843292,840418,2020
"335",7,"ND",5521758,18040629,64923871,17428600,16883110,8117711,8194424,6798484,3452326,2488609,1216759,234909,108939,2020
"336",7,"NE",14075668,45731640,172941973,43406306,43641153,20996705,25482124,22563336,8616385,4879787,2601107,509531,245539,2020
"337",7,"NH",9455388,32594810,143962021,32670738,33225849,16873690,21727278,24277533,10523876,3738004,752014,83590,89449,2020
"338",7,"NJ",75289211,200874909,884243515,257672693,213953087,99295016,124053020,120335931,44423695,17214733,5402845,1010245,882250,2020
"339",7,"NM",16105198,48853070,208721333,54294288,53674559,25482479,30117938,24766604,10073351,6151024,3145107,808379,207604,2020
"340",7,"NV",26624961,67441191,229656041,65588525,52698027,27063971,36948824,33724748,6414226,3258143,2882651,702950,373976,2020
"341",7,"NY",190757967,415050512,2061012536,617258723,501384826,239608378,302274257,274426178,79018945,29960025,12470976,2390692,2219536,2020
"342",7,"OH",86788143,275584559,1116427708,286157655,263419866,131521688,171573364,174427998,55703513,20532759,9903846,2107684,1079335,2020
"343",7,"OK",28436841,93798608,341227461,84116610,83741766,39943685,50500792,52473863,17683126,7839251,3937968,761454,228946,2020
"344",7,"OR",36460563,93451540,348703442,98945796,84488602,39689263,46902296,49393533,16739434,8030141,3261328,735661,517388,2020
"345",7,"PA",101215827,295803033,1165615397,309113510,277079490,137717833,176680031,169160411,55923550,24855568,12434454,1740235,910315,2020
"346",7,"RI",8053492,24723273,103609148,27976167,26421137,12309130,15056966,14685909,4952482,1565447,469842,94732,77336,2020
"347",7,"SC",33105152,124502785,483408034,113871253,115800701,59979514,77193769,75575036,24380666,9128417,5799556,1247818,431304,2020
"348",7,"SD",5934929,21414356,83204760,21280470,20567868,9612831,11356044,10556976,5009855,2853361,1590521,287839,88995,2020
"349",7,"TN",45053977,164816333,639614566,148626304,152175316,77974320,101199139,102620955,34158681,12568243,7342097,2276031,673480,2020
"350",7,"TX",195355787,694401408,2329864242,584639914,556681267,271076278,345971460,358185162,131559895,47748862,25014728,6188246,2798430,2020
"351",7,"UT",25286195,72708060,293325746,76104493,70330026,35066143,42749557,40383831,16329188,6459197,4284740,1067909,550662,2020
"352",7,"VA",62783611,201264624,812347008,207320704,189803906,97366856,123710880,121884139,42798814,18082708,8903699,1595025,880277,2020
"353",7,"VT",4590468,14824801,66200069,15278406,16244572,8608214,9520367,10568124,4157317,1233706,461295,85405,42663,2020
"354",7,"WA",62110396,171492925,625640823,179053335,145643593,68717802,90034993,92045724,31891358,11351503,4775882,896727,1229906,2020
"355",7,"WI",42066150,138154458,522976581,125365356,121450345,61026828,78772613,81610681,32204848,13678662,7124549,1303819,438880,2020
"356",7,"WV",13611851,42368941,164250039,38258840,40238295,19696013,25297887,24538171,9784290,4243034,1809054,297208,87247,2020
"357",7,"WY",4374343,13535504,58513766,15794473,15232617,7096402,5907969,5666172,4556414,2626773,1383556,178880,70510,2020
"358",8,"AK",6646987,16213591,55463891,14337307,14028014,7294848,8463834,6044084,3180640,1302549,362723,177287,272605,2020
"359",8,"AL",29371902,122152099,421213191,85560226,98794051,55355449,69845225,69302214,25242732,10349821,4998430,1255074,509969,2020
"360",8,"AR",18288347,75140228,262707392,57700408,65504776,32003996,40665782,39661979,15438084,7051674,3558807,849068,272818,2020
"361",8,"AZ",60200260,162120766,534559766,128496100,123915129,61647617,80742235,89572869,29965848,10506594,6850670,1439200,1423504,2020
"362",8,"CA",342932988,883335407,2819914188,696292480,684820445,321928167,400925848,420104343,178256339,73360202,29285275,7232851,7708238,2020
"363",8,"CO",46670172,129892312,582955281,146713464,140355928,68224286,87480098,88461732,28419295,13291677,6013301,1727870,2267630,2020
"364",8,"CT",27694706,83057909,321881909,75234212,81895389,39565678,47210589,48537283,18376753,7304399,1987186,511128,1259292,2020
"365",8,"DC",7689970,14086135,65708537,21891239,16864177,8822600,9537446,5571781,1845835,414307,197692,146194,417266,2020
"366",8,"DE",7282943,22699358,86399846,20174601,20924966,10778910,13771541,12684459,5135467,2061676,710110,64243,93873,2020
"367",8,"FL",152603931,507675144,1814442711,436372191,445649497,234603301,293347344,265814106,84991993,29215105,15377193,3829186,5242795,2020
"368",8,"GA",72437135,253666590,949293632,201933764,222578641,116734542,156157810,151659654,59428367,21112232,12700952,4004670,2983000,2020
"369",8,"HI",12183239,31851982,103818579,29317939,27796937,11749989,14454516,17655075,1972076,404028,187315,62258,218446,2020
"370",8,"IA",22446612,75393883,314030776,77497350,79751459,34724197,41997146,45254413,19644725,9022493,4710944,913112,514937,2020
"371",8,"ID",13087731,41292717,142971495,33746227,36561549,17008719,20888529,19887180,7840033,3900945,2331764,529977,276572,2020
"372",8,"IL",98974826,295998654,1294125746,332068167,313315050,151312277,189299118,193847006,73280821,22229009,11960472,3421027,3392799,2020
"373",8,"IN",46777657,160670561,673388552,156295630,164355618,82332397,103674956,103836850,37840386,14652495,7168958,1767905,1463357,2020
"374",8,"KS",22153665,68102990,278213716,69732151,71789241,31217536,37907137,39065727,15769786,6931841,4179990,988380,631927,2020
"375",8,"KY",32311952,106208510,446476730,96523376,109180696,56706527,71046727,68507830,25658199,10811979,5874816,1407371,759209,2020
"376",8,"LA",31253985,113205333,448456951,103962704,109730816,56798622,73091060,63314792,23547484,11232730,5001703,1045458,731582,2020
"377",8,"MA",59127537,154839082,719107643,183568286,182766097,86325464,104541936,104784267,37795824,12414939,3422536,828703,2659591,2020
"378",8,"MD",46562861,140761397,530843824,127132802,121211360,61520624,82308946,86613911,33739537,10426382,4726220,1373489,1790553,2020
"379",8,"ME",10111404,31379120,122726990,26356885,28278392,14781190,18778031,21115814,8488613,3275589,1248944,190997,212535,2020
"380",8,"MI",73919784,235953581,940133647,226457103,215535953,110763942,144910953,148270543,56097047,21998809,11198599,2596590,2304108,2020
"381",8,"MN",42020596,131925953,504862159,121972621,113046180,54080995,70784270,85923825,33964269,14623803,7697243,1304932,1464021,2020
"382",8,"MO",46240941,143679071,546304930,124318490,131703747,63187546,82574461,87772185,33700159,12357508,7696764,1755721,1238349,2020
"383",8,"MS",16746742,75835688,256334434,54769291,61798961,29967872,40786632,40424697,16324473,7239490,3652134,1032366,338518,2020
"384",8,"MT",8565643,24365812,88694894,23606888,23082494,9509744,10741636,10683761,5337031,3372060,1786310,312624,262346,2020
"385",8,"NC",71468798,250423422,940831932,191924483,220365092,118950908,158167386,156798235,55963500,21279174,12198269,3260141,1924744,2020
"386",8,"ND",5456345,18106042,68640702,18157059,18193902,8539120,8644628,6957812,3693607,2714189,1351716,255437,133232,2020
"387",8,"NE",13707371,46099937,185256236,45713818,47609753,22153722,27020526,24185685,9485934,5309999,2827511,541938,407350,2020
"388",8,"NH",9547459,32502739,139218031,29948736,31839347,16506895,20937881,24267380,10812974,3840387,781993,104851,177587,2020
"389",8,"NJ",74979257,201184863,854032693,230920231,208040467,97520958,122233586,120579309,45542872,18369979,6607903,1559685,2657703,2020
"390",8,"NM",15861592,49096676,209720165,50183623,55589980,26167955,30862969,25158170,10428081,6689234,3460753,875647,303753,2020
"391",8,"NV",26348523,67717629,229494056,58843163,54799500,28045361,38325984,35286382,6469341,3263075,2995018,819132,647100,2020
"392",8,"NY",189936195,415872284,1969537849,545981035,479453494,230715656,295604627,277492525,82409208,31805051,14833387,3414505,7828361,2020
"393",8,"OH",86511407,275861295,1117281569,267919465,266418793,133256184,174877422,179968296,57942369,21344952,10498163,2725140,2330785,2020
"394",8,"OK",27961437,94274012,352303891,82440170,86972562,41301411,52776045,55684226,19179533,8409175,4295685,827964,417120,2020
"395",8,"OR",35882707,94029396,352254576,90021666,88627232,41735046,48246276,51559713,17949434,8921793,3521280,788999,883137,2020
"396",8,"PA",101547259,295471601,1132346652,277189935,268526806,136011293,176614593,172205676,57564068,26138289,13457837,2285940,2352215,2020
"397",8,"RI",8189036,24587729,98694014,24862229,25471911,11911242,14633293,14505227,4908758,1553444,459692,134464,253754,2020
"398",8,"SC",33085693,124522244,465983027,98647735,110186605,59033517,77676464,77227680,25444316,9500608,5923381,1447765,894956,2020
"399",8,"SD",5789113,21560172,88993500,22852101,21819269,10025264,11729944,11111964,5759928,3314234,1912042,320216,148538,2020
"400",8,"TN",44626778,165243532,632673979,134185705,150171798,78812751,102976130,106080294,35929576,13033708,7524397,2676004,1283616,2020
"401",8,"TX",189931084,699826111,2407615883,560916541,581760423,286456391,365784152,380106006,140296735,52136731,27234991,6911656,6012257,2020
"402",8,"UT",25123189,72871066,291526914,70524095,72783570,35808690,42799638,39940204,16525709,6631307,4586093,1149726,777882,2020
"403",8,"VA",63218655,200829580,771215727,179583306,181211204,93778995,120416003,120994137,43363569,18448870,9417787,2126256,1875600,2020
"404",8,"VT",4667415,14747854,63142697,13794788,15528591,8020064,9137389,10405657,4254600,1320202,495399,92170,93837,2020
"405",8,"WA",60805980,172797341,620866171,157247870,148580250,70507153,93076299,95956960,34194576,12530778,5476541,1040852,2254892,2020
"406",8,"WI",42089785,138130823,534239299,122072074,123554951,62273681,81049077,85331206,34748150,14929999,7955480,1428073,896608,2020
"407",8,"WV",13697968,42282824,158871186,34052612,38966591,19383543,24895358,24529350,10172671,4420740,1912032,368664,169625,2020
"408",8,"WY",4314930,13594917,58680816,15216309,15523554,7215584,5965478,5653516,4390272,2813850,1576904,213486,111863,2020
"409",9,"AK",6626912,15496228,55701199,14184016,14665120,7531715,8568686,6073544,2913911,1108627,332893,134193,188494,2020
"410",9,"AL",29812964,116823166,406736933,81025212,95958859,53142683,67783329,67645960,24974659,10164759,4682831,1081149,277492,2020
"411",9,"AR",18476179,71938571,254206602,54725723,64100045,31134198,39343486,38604706,15191242,6855162,3357029,734434,160577,2020
"412",9,"AZ",59280007,155869373,532203152,123486621,127285939,62583985,81235479,88958450,29916290,10189086,6451281,1341175,754846,2020
"413",9,"CA",342491562,844219788,2855748860,696038695,704267913,329771511,411672306,428847676,179084768,70438103,26366567,6025562,3235759,2020
"414",9,"CO",47544813,123322107,562640231,137141974,138606871,66236163,85445746,86692374,27879215,12498130,5250951,1491203,1397604,2020
"415",9,"CT",28302449,78877501,312124144,70537323,80942733,38717162,46384476,48531537,17851585,6502866,1751734,356306,548422,2020
"416",9,"DC",7853198,13220452,66759416,21596183,17834794,9102490,9835024,5953829,1691050,395802,145175,87980,117089,2020
"417",9,"DE",7301143,21713987,84367999,19073685,20649216,10568357,13687506,12670032,5130595,1868606,610587,54331,55084,2020
"418",9,"FL",152757482,486222268,1784603864,421521032,445874026,231717319,291232515,264532448,83235997,27545120,13517767,3226663,2200977,2020
"419",9,"GA",72885940,242698310,927211482,193580270,220802405,114231398,152912577,150092386,58744053,20547368,11746723,3344795,1209507,2020
"420",9,"HI",12159782,30454948,105195278,28842508,28952453,12014059,14526567,18076326,2112873,387016,145407,42848,95221,2020
"421",9,"IA",23300294,71384056,296305033,71643611,75778728,32672552,40072758,43245746,19050604,8431419,4326799,780968,301848,2020
"422",9,"ID",13224906,39401334,137625559,31500945,36118186,16532557,20290300,19221692,7569462,3640614,2094913,473773,183117,2020
"423",9,"IL",100505657,281726743,1243463912,306422036,304152365,145465058,185238639,192553322,73138306,21232060,10810734,2822379,1629013,2020
"424",9,"IN",47394281,153362059,653605075,148765658,160669449,80290466,101386570,102308029,37349519,14084338,6537449,1460058,753539,2020
"425",9,"KS",22560306,64784844,266874305,65388456,69940402,29978986,36447646,37880038,15451126,6658936,3851694,904739,372282,2020
"426",9,"KY",32561483,101490577,437919323,93650904,108161006,55981310,70192875,67864412,25078842,10138946,5230884,1196268,423876,2020
"427",9,"LA",30758609,109040731,443609524,101595768,107862244,55478092,72097471,63727169,24291071,12108920,5081291,994433,373065,2020
"428",9,"MA",60564649,146499821,707011345,175092429,183602141,85708948,103773108,105683777,37559865,11164418,2720871,605721,1100067,2020
"429",9,"MD",46827747,134453793,521485404,120216415,121204493,60774644,82204279,88017202,33648375,10031359,3823597,919469,645571,2020
"430",9,"ME",10356608,29795512,116014915,23394140,27505026,14082329,18064240,20427571,8185157,3021550,1050404,150700,133798,2020
"431",9,"MI",75335631,224541819,909386482,211248388,212804933,108606379,142269985,146460874,54933113,20565519,9474811,1903871,1118609,2020
"432",9,"MN",42865905,125469465,487684555,114260276,110775619,52662732,69300731,84793014,33388922,13693701,6985949,1071386,752225,2020
"433",9,"MO",46957229,136836331,526168525,117487076,128664534,60769993,79602493,85324609,33137083,11946610,7013402,1517531,705194,2020
"434",9,"MS",16777058,72818842,250351221,53165440,60188131,28966824,39731628,40137464,16389116,7194321,3464893,926365,187039,2020
"435",9,"MT",8800823,23068327,83787427,21569332,22594503,9149690,10275746,9877405,5076586,3148756,1622621,284825,187963,2020
"436",9,"NC",72454830,239053770,910839913,180401320,215708056,115564046,154747193,154545934,55098481,20484770,11025707,2410990,853416,2020
"437",9,"ND",5647576,17154734,65656422,16917686,17667203,8264732,8354947,6771336,3561578,2522763,1246823,275803,73551,2020
"438",9,"NE",14081570,43796470,175808113,42500815,45279172,21110832,25761202,23251091,9284548,5254369,2626623,491065,248396,2020
"439",9,"NH",9690901,31002839,135377705,27753030,32143607,16062027,20451194,23936139,10668518,3523559,659576,75137,104918,2020
"440",9,"NJ",75346780,191908820,847821899,222479498,211354173,98407546,122951371,122760567,45633669,16791023,5332730,1081709,1029613,2020
"441",9,"NM",15926131,46936709,199558365,45665188,53266010,25143119,29583083,24321280,10370005,6749035,3439620,814004,207021,2020
"442",9,"NV",26065508,64966252,227782238,56652709,55416414,28121648,38535549,35650307,6370941,3147084,2793728,716246,377612,2020
"443",9,"NY",192566110,393700160,1946762493,528552141,480740483,231019833,297426460,280344102,82429632,29846893,11979727,2065551,2357671,2020
"444",9,"OH",87217088,263466172,1095029986,256524366,266031708,131704741,172416184,178956750,57113430,20100018,8878086,2117704,1186999,2020
"445",9,"OK",28438317,89854053,340395353,78503713,84969081,39917365,50792634,54088845,18843334,8327281,3988217,738184,226699,2020
"446",9,"OR",36535435,89185955,337466421,82901488,88309351,40711150,47027710,49699289,16870869,7729509,2997104,683297,536654,2020
"447",9,"PA",102904268,281307532,1117963456,269388155,271367756,136367990,175587619,171545483,56118008,23625888,11080265,1868581,1013711,2020
"448",9,"RI",8380420,23339030,96970295,23782721,25571675,11787694,14591131,14521773,4881299,1285594,369927,88543,89938,2020
"449",9,"SC",33404032,119119778,449939334,91749944,108614756,57574184,75524728,75462601,24964393,9157261,5306339,1162458,422670,2020
"450",9,"SD",6038177,20428873,84074435,21342556,21349582,9564825,11025800,10447322,5254635,2979431,1730509,280780,98995,2020
"451",9,"TN",44905217,158195083,613721112,127374130,147306646,76394707,100161640,104212970,35673582,12704941,6857803,2293219,741474,2020
"452",9,"TX",189587970,671467380,2350438580,534386080,577168109,280530359,358475986,374994632,139878755,50916439,25126647,6046188,2915385,2020
"453",9,"UT",25268990,69564160,286090414,67384550,73746918,35657558,42392355,39076795,16051849,6127743,4138270,1016476,497900,2020
"454",9,"VA",63957568,191572982,753981872,170262438,180420760,92305374,118966671,120899123,43011917,17425321,8157966,1613317,918985,2020
"455",9,"VT",4766774,14022196,61266977,13066277,15378723,7702657,8689213,10292702,4345410,1246505,412007,76742,56741,2020
"456",9,"WA",61254052,164813678,598963488,143614478,148660819,69783073,90967658,94657576,33057558,11287086,4718765,903062,1313413,2020
"457",9,"WI",43242567,131164473,506248667,111665242,119045269,59240180,77483336,82641031,33684662,13739189,7031901,1207632,510225,2020
"458",9,"WV",13794375,40380585,155531804,32863673,39040080,19161251,24256590,23905126,9825047,4345223,1727693,309348,97773,2020
"459",9,"WY",4426493,12905617,56272183,14309973,15378661,7138184,5705163,5323233,4132952,2600875,1421883,190066,71193,2020
"460",10,"AK",6947563,15913015,54797955,13896132,14659579,7569660,8500295,5820531,2878400,1062668,221570,115817,73303,2020
"461",10,"AL",30950237,120573764,416446734,80927547,99326587,55101568,69955565,69072270,25798616,11169904,4259578,732961,102138,2020
"462",10,"AR",19174797,74253778,254584155,52984200,64901020,31431369,39810099,38751827,15584571,7436831,3106317,515790,62131,2020
"463",10,"AZ",60691569,161629457,549854285,126271356,132920940,65351654,84441615,91493516,31329344,11240517,5505976,1000622,298745,2020
"464",10,"CA",362126656,864141739,2766770620,653785971,683937258,325234291,405327295,414516955,178605451,75619964,23956894,4249851,1536690,2020
"465",10,"CO",49873992,126688492,565960451,133657799,141517645,68257514,88122202,87944232,27953155,12923621,4157339,909991,516953,2020
"466",10,"CT",29330602,81422013,308881937,66822470,81105428,38379203,46129671,48519466,18321507,7441506,1668770,264912,229004,2020
"467",10,"DC",7951388,13824717,66345737,20881910,17757454,9199375,10006024,5994338,1771652,454124,142314,71362,67184,2020
"468",10,"DE",7541704,22440597,85719373,18685956,21090118,11008876,14010361,12741609,5373708,2180817,572060,37812,18056,2020
"469",10,"FL",156599838,503679237,1871011167,438987709,471781506,246584359,306633707,273923287,87328077,30261157,12244843,2345885,920637,2020
"470",10,"GA",75117740,250985985,954394567,197736574,228961488,119197223,157884477,152845320,61578775,22691361,10638781,2329504,531064,2020
"471",10,"HI",12270997,31764224,107312720,29279580,29248337,12428842,15138152,18259390,2260934,459326,156231,35094,46834,2020
"472",10,"IA",24065220,73775275,301018373,71247726,78151628,33814345,41152354,43897930,19301646,8946742,3850598,544883,110521,2020
"473",10,"ID",13815380,40565068,136688723,30092535,36353098,16654292,20632959,19332920,7672964,3843873,1694805,350568,60709,2020
"474",10,"IL",103780381,291193099,1266579375,306671413,312866490,149815675,189956979,195629071,75928815,23403942,9543574,2051842,711574,2020
"475",10,"IN",49559437,157888781,652143787,145516543,160784403,79961522,101554179,102238297,38864202,15638934,6149316,1089254,347137,2020
"476",10,"KS",23398545,66858110,266443843,63716212,70599967,30473373,36699171,38121733,15609992,7026298,3385885,662178,149034,2020
"477",10,"KY",33990761,104529701,437645755,91574823,108706999,56244739,70765950,67695422,25735806,11062714,4785485,898701,175116,2020
"478",10,"LA",31956470,112502848,452981905,101667829,112623480,57893790,74128629,64323782,24434275,12665327,4390820,709212,144761,2020
"479",10,"MA",62417252,151549367,702162918,166971787,185384502,86047970,103567429,105606539,38879052,12272731,2491075,455113,486720,2020
"480",10,"MD",48073598,139250660,528662360,117430634,124115229,62885281,84407024,89138462,34833154,11172590,3644202,733379,302405,2020
"481",10,"ME",10826900,30663624,113314602,21537190,26991254,13914286,17941029,20412407,8165777,3172591,1019508,111319,49241,2020
"482",10,"MI",78296153,231577212,903991394,198463501,213611037,109767299,143124128,148130734,57468989,22707919,8898267,1361243,458277,2020
"483",10,"MN",44689247,129257302,491116051,109194760,113947375,54732992,71719134,86216862,34260997,14293019,5669783,777803,303326,2020
"484",10,"MO",48768861,141151151,522505168,112075871,128617319,61087842,80103013,85895940,34012500,12947343,6378461,1117732,269147,2020
"485",10,"MS",17416838,75165592,255582930,54441177,61874896,29661389,40522515,40332334,16868782,7995582,3160866,656610,68779,2020
"486",10,"MT",9417432,23514023,81819865,20327306,22740135,9333715,10443900,9718091,4735041,3055923,1225765,176802,63187,2020
"487",10,"NC",74446534,247445686,933978113,181219874,222181019,119499381,159708237,158141991,57704741,22985454,10364917,1814838,357661,2020
"488",10,"ND",5918455,17643932,64055379,15682782,17576815,8327660,8437389,6681424,3572450,2549022,994506,203459,29872,2020
"489",10,"NE",14697716,45109592,177089454,42135604,46336803,21606770,26450235,23243217,9128957,5443214,2324199,326392,94063,2020
"490",10,"NH",10174886,31875312,131747317,25186314,31727897,15659492,19911560,23643607,10906975,4009562,607819,55256,38835,2020
"491",10,"NJ",77976509,198187611,847401501,212215071,213481481,100145198,124661821,125159855,47843318,17834838,4773022,805025,481872,2020
"492",10,"NM",16553977,48404291,202950761,46295094,54679178,25691341,30339417,24767551,10549629,6963630,3000091,589940,74890,2020
"493",10,"NV",26717365,67348787,232078884,56856594,56905373,29176454,39839485,36541854,6443977,3332655,2363119,477229,142144,2020
"494",10,"NY",197042133,408766346,1953550525,512954722,491645871,235128991,301608610,280411402,84402297,33233876,11290286,1602971,1271499,2020
"495",10,"OH",90477951,271894751,1095080049,247025340,268099874,132973055,174233318,180549234,59115071,22403528,8692024,1514929,473676,2020
"496",10,"OK",29919591,92315858,341631998,78259560,86421791,40254193,51061494,53498854,18962702,8880701,3661421,536287,94995,2020
"497",10,"OR",37428196,92483907,338852813,79153873,89012076,41777752,48414801,50824719,17813830,8420722,2763493,478190,193357,2020
"498",10,"PA",106124964,290893896,1118334037,259009097,273220173,137837057,177478481,173331796,58781240,26131198,10854457,1288091,402447,2020
"499",10,"RI",8689070,24087695,95729489,22276691,25767782,11955885,14484215,14383343,4820848,1559635,367282,68398,45410,2020
"500",10,"SC",34318152,123289785,462661784,92634323,112006301,60045155,78412517,77233788,26240727,10055055,5007672,855860,170386,2020
"501",10,"SD",6398934,20950351,82062982,20103470,21569795,9728053,11051044,9913978,5070307,2949590,1436699,199292,40754,2020
"502",10,"TN",46746269,163124041,617421954,125257346,148666005,77491948,101589663,104632448,37212902,14120642,6484286,1682948,283766,2020
"503",10,"TX",194436774,695320421,2435906521,548332246,606897152,295173505,373631435,384695026,145251290,54879219,21768242,4126545,1151861,2020
"504",10,"UT",26352382,71641873,286286798,64951557,74406278,36551569,43243162,39778876,16540292,6556348,3410927,680338,167451,2020
"505",10,"VA",65589983,198458252,763687385,166456499,182881551,94727493,122376117,123227436,44846528,19737347,7847138,1232757,354519,2020
"506",10,"VT",5038077,14377192,57483147,11225869,14475110,7242119,8381365,9894727,4418437,1371569,390004,62251,21696,2020
"507",10,"WA",63350392,170252929,591856109,134499297,147344962,70048529,91808827,95973778,34720917,12166764,4212133,624560,456342,2020
"508",10,"WI",44907657,135312951,511377459,108443194,121969367,60902400,79234786,84019834,34667168,14795342,6267507,879739,198122,2020
"509",10,"WV",14338753,41642039,152850970,30924836,37917642,18753980,24236266,23804164,10393516,4903319,1650958,230140,36149,2020
"510",10,"WY",4686528,13223319,54253462,13175622,15474728,7061003,5557191,4957444,4119204,2624546,1122553,135709,25462,2020
"511",11,"AK",7322887,14800253,56382856,16157945,15905852,7591122,7932266,5000572,2372400,996348,168822,140112,117417,2020
"512",11,"AL",33906996,112729134,418747402,84522168,105950368,56101107,68598305,64608975,23155371,10469026,4445799,771584,124699,2020
"513",11,"AR",20977956,69436794,254352783,54542126,68126954,32146828,38824053,36331496,13738024,6761237,3220556,580727,80782,2020
"514",11,"AZ",65817824,149331556,564002091,135945550,137274245,66043642,85015914,92190327,30650851,10397386,4629010,1441944,413222,2020
"515",11,"CA",381787746,804923604,2924564911,731505231,751640160,346218820,415713290,407731513,170344980,72309697,22433825,4644447,2022948,2020
"516",11,"CO",55352959,115513961,555138614,133345442,141816547,67017169,85599238,84260222,25960977,12264064,3372449,865175,637331,2020
"517",11,"CT",31470520,75709430,308981629,67496435,86257389,38317774,44304070,45550238,17672990,7512654,1375367,226943,267769,2020
"518",11,"DC",8242903,12830747,73375104,23875081,20497183,10247295,10742259,5585678,1761763,414641,106754,67262,77188,2020
"519",11,"DE",8098713,20916417,86700760,19360389,22337194,11239275,13812633,11983152,5119371,2245076,559565,25671,18434,2020
"520",11,"FL",174368493,464611257,1881636819,456798285,494584543,250773390,299107087,254507324,79962223,29399488,12620963,2609540,1273976,2020
"521",11,"GA",81598013,233986237,956061596,205840833,238213204,120894899,154733675,144570911,57270830,21340580,10139449,2403255,653960,2020
"522",11,"HI",12512536,30102194,121628702,34722769,33708999,14031662,16499436,19454640,2397567,499781,194734,47007,72107,2020
"523",11,"IA",26647156,68037194,283817782,66857641,77376053,32069213,37898530,39363778,17365038,8015774,4086733,645681,139341,2020
"524",11,"ID",14988441,37637799,134055111,29867129,36904445,16442502,19920460,18760329,6914375,3241646,1476668,450315,77242,2020
"525",11,"IL",115250674,266981726,1245154901,307564434,322566574,149621425,180922938,181487023,69129403,21799026,8993499,2115954,954625,2020
"526",11,"IN",55209931,145546409,633713794,140569348,165136607,79886624,96427513,93803910,35406540,14870383,6092665,1095110,425094,2020
"527",11,"KS",25616339,61728811,260564346,62453889,71425906,30402351,35296971,35831138,14210562,6511785,3494963,734765,202016,2020
"528",11,"KY",37569784,96482276,427791970,89710837,112765404,56178855,67403919,62513491,23167068,10061613,4803373,971468,215942,2020
"529",11,"LA",34961009,104838331,455012712,105866373,119358244,58576239,72209344,60372502,22183727,11505961,3939726,798705,201891,2020
"530",11,"MA",66447836,140616634,706256036,166438983,196052460,87728723,101978872,102275052,36841172,11621508,2339248,422221,557797,2020
"531",11,"MD",51052270,130229270,545240825,125811028,133943269,66332805,85146012,84836903,33894213,11101998,3081546,710719,382332,2020
"532",11,"ME",11661725,28490395,107728519,19466473,27721420,13572616,17153652,19015707,6927435,2653070,1039052,124004,55090,2020
"533",11,"MI",87978423,211899027,866726811,194286020,215921747,107392222,133726695,133123797,50477043,21381339,8429179,1381076,607693,2020
"534",11,"MN",50115671,118219699,468358073,105334605,113470852,53310397,67221367,79425495,30355554,12908462,5040327,851981,439033,2020
"535",11,"MO",53580251,130213309,515927071,113182463,132746532,61451890,78602167,80472588,30019453,11621517,6231676,1237263,361522,2020
"536",11,"MS",18868434,70727466,258777923,56610488,67422547,30719586,39798318,37358648,15422204,7487437,3190738,687519,80438,2020
"537",11,"MT",10127593,21741557,80723732,20167329,23267431,9315905,9931184,9698539,4380201,2683412,998563,187420,93748,2020
"538",11,"NC",81134659,230373941,935939166,189410678,235597411,121437226,156341999,146761336,52335637,21426413,10315417,1864730,448319,2020
"539",11,"ND",6392092,16410218,64987074,16159874,18307093,8439289,8625860,6768573,3278955,2298108,814287,246080,48955,2020
"540",11,"NE",16340322,41537718,168672559,39552581,45228215,20813357,24771248,21716383,8465171,5287316,2321454,386936,129898,2020
"541",11,"NH",11095987,29597753,128833494,24675148,33481417,15482531,18582091,21778242,9981430,4178884,578065,55805,39881,2020
"542",11,"NJ",83888975,183366625,846353611,212123720,220913496,101591957,123035805,120717047,45361831,17223259,4077387,721396,587713,2020
"543",11,"NM",18283285,44579555,198519602,47410093,54542909,24654966,28864069,24001521,9400737,6111035,2568864,862640,102768,2020
"544",11,"NV",28862070,62169690,238076474,61156198,59289517,30284627,40945404,35479320,5561568,2671125,1951977,565752,170986,2020
"545",11,"NY",207597794,378668476,1994891544,530988218,531773571,243629220,297676286,267356936,76681505,32522306,10966482,1700383,1596637,2020
"546",11,"OH",101201293,249481967,1063299105,244421177,276668718,131775171,164209655,161688124,52229795,21137370,9021830,1494224,653041,2020
"547",11,"OK",32848908,85443462,337396486,78220749,88728690,40368193,49992796,50259466,17268954,8153140,3673438,598350,132710,2020
"548",11,"OR",40655144,85066246,336016131,79989934,90106919,41875260,47515497,48524234,16637546,7922851,2702355,504390,237145,2020
"549",11,"PA",114760662,269451138,1107368926,256972358,287037287,138870341,171001417,160866190,54946831,25700939,10232708,1200215,540640,2020
"550",11,"RI",9370202,22349248,94078685,21747493,27205803,12178508,13776470,12800071,4199641,1641598,397855,70612,60634,2020
"551",11,"SC",37589722,114934088,461822098,94907747,118418158,60583140,76877864,71980220,23800008,9061866,5148708,856209,188178,2020
"552",11,"SD",6886881,19580169,84146788,20548820,23186679,10132173,11088646,10003157,4863831,2656425,1382156,233369,51532,2020
"553",11,"TN",51500151,151600149,609786117,126683227,154322772,77429380,97977146,97895050,34159368,12789761,6476621,1726945,325847,2020
"554",11,"TX",214829225,646226125,2455871589,572092324,632544723,301547760,370632904,368025966,133927311,51065224,19984357,4522877,1528143,2020
"555",11,"UT",28781205,66051945,280488097,65370337,74066111,35343236,41399570,38384255,16218456,6054931,2626278,805477,219446,2020
"556",11,"VA",70264358,185266192,772584501,174474263,191936969,97323295,120361934,116940768,42235704,19667727,7986377,1249763,407701,2020
"557",11,"VT",5351184,13437786,54140968,10137703,14353078,6792946,7645014,9172443,4270052,1290062,393096,66527,20047,2020
"558",11,"WA",68419951,157647779,604324697,143314460,154239222,71083741,91436942,93810837,33860714,11238689,4043650,720946,575496,2020
"559",11,"WI",48975310,125431730,505185361,108518326,128996208,62295095,76715366,76609287,30655149,13884185,6197633,1065385,248727,2020
"560",11,"WV",15464654,38710306,148472880,29679175,38547548,18310231,22753889,22197388,9909106,5183003,1603096,246963,42481,2020
"561",11,"WY",5091612,12240498,53037749,13231545,15696298,6980198,5278866,4945252,3662730,2131644,931512,150436,29268,2020
"562",12,"AK",7478775,15381803,54128082,13945305,15051859,7477436,8107541,5371784,2588556,1029589,202808,192545,160659,2020
"563",12,"AL",34777923,116746078,419082566,81634567,100188886,54944748,69469256,69407846,25747274,11780109,4828979,931415,149486,2020
"564",12,"AR",21596475,71832100,251212717,51707108,63465420,31153899,38818275,37978273,15380958,8104592,3822427,686972,94793,2020
"565",12,"AZ",67938664,154382362,553328456,127907158,131490159,65395578,84780664,92759390,31923179,11590471,5294715,1624071,563071,2020
"566",12,"CA",412668125,813600270,2771889979,674436306,708210952,326443607,393203566,394620206,169075448,74437568,23237677,5561731,2662918,2020
"567",12,"CO",56791502,119770982,551984320,130759329,137407643,65947313,84803041,86261760,27318284,13478203,3991940,1139866,876941,2020
"568",12,"CT",32408967,78343648,313005338,71108054,83838799,38749754,45485944,46785955,17389263,7643185,1441516,255429,307439,2020
"569",12,"DC",8653536,13122569,70137319,23781005,18464067,9559793,10052526,5850156,1722410,410776,124184,87130,85272,2020
"570",12,"DE",8352463,21629838,87024559,19577429,21704293,11197231,13936353,12491397,5253223,2250514,552655,37140,24324,2020
"571",12,"FL",172780269,487498806,1937829767,471799106,496275282,253847633,307328372,270870214,86900100,32355013,13821730,3088183,1544134,2020
"572",12,"GA",82452270,243651455,959601613,201995586,230352296,119509923,157108670,151257777,61260727,23670986,10863879,2784097,797672,2020
"573",12,"HI",12873704,31161517,122082898,33958003,33138462,14250640,17150613,20087381,2594336,601545,173275,46033,82610,2020
"574",12,"IA",27062205,70778290,286162071,65610432,74907588,31875639,38612715,41858947,18593881,9316041,4458520,755451,172857,2020
"575",12,"ID",15220225,39160223,136922163,30128853,36952430,16548345,20297803,19440091,7530028,3735453,1685063,498040,106057,2020
"576",12,"IL",118272731,276700749,1242004261,301275681,311828214,146993997,181718983,188187614,73483930,24638472,10095749,2613080,1168541,2020
"577",12,"IN",55534350,151913868,644838838,141301420,161685992,80122150,99682754,100245964,37873388,15973115,6191096,1277276,485683,2020
"578",12,"KS",26080761,64175894,267250210,63430678,71187590,30968035,36204241,37872166,15394536,7476458,3557820,882070,276616,2020
"579",12,"KY",37925769,100594693,432141694,89858225,107673631,55577108,68741500,66837595,25588873,11486751,5076481,1055023,246507,2020
"580",12,"LA",35925695,108533623,454203334,102680074,113965810,57807489,73015411,63865855,24350246,12731399,4628359,905562,253129,2020
"581",12,"MA",68742498,145224121,716632101,174179727,194032073,88755278,104342802,104164042,36553431,11262187,2271785,452106,618670,2020
"582",12,"MD",52917875,134406383,543230775,126623866,129824840,64729355,84614748,87486090,34303004,11108707,3325656,790148,424361,2020
"583",12,"ME",11872697,29617827,113821704,21589822,28388495,14054585,17725528,20223570,7700861,2938276,1013297,124297,62973,2020
"584",12,"MI",89361996,220511369,876412600,197022579,209366152,106276904,135960568,140338158,53501361,23077895,8548462,1627542,692979,2020
"585",12,"MN",51851759,122094790,463726483,104016761,107879432,51028763,65896363,80768706,32644622,14391473,5540713,1017043,542607,2020
"586",12,"MO",54279942,135640070,528475248,115559760,129921656,61347264,79978679,85877920,33645882,13489740,6722874,1458549,472924,2020
"587",12,"MS",19432466,73149964,255935566,53650761,62746837,29724130,40238170,39709628,16848527,8547376,3532887,836933,100317,2020
"588",12,"MT",10339325,22592130,79464477,19044226,22308985,9280841,10010606,9620970,4586208,3111053,1159117,217362,125109,2020
"589",12,"NC",82543335,239348885,942350470,187761332,225837187,120329847,158687434,156493340,56725286,23623794,10359550,2036763,495937,2020
"590",12,"ND",6496316,17066071,63428702,15246699,17724117,8292169,8169932,6442246,3481717,2743616,991822,270998,65386,2020
"591",12,"NE",16730590,43076718,169838400,38963759,44869825,20775738,24885468,22301498,9098416,5804639,2544965,427844,166248,2020
"592",12,"NH",11408014,30642184,132492161,25930546,32981548,15971687,19853157,22791745,10269900,4049412,534440,59896,49830,2020
"593",12,"NJ",86531411,189632709,849245968,216071026,216917654,101227353,124749399,121749259,45380822,17421208,4269516,842857,616874,2020
"594",12,"NM",18686815,46271453,196432209,44295002,52803820,24985930,28650988,24377019,10042377,7096286,3038564,1006905,135318,2020
"595",12,"NV",29772277,64293875,236804621,59001503,58269647,29782200,41131952,36657874,6040477,3012681,2061151,625824,221312,2020
"596",12,"NY",214514069,391294410,1962188376,523703686,503427730,238337888,298839331,271693097,78620357,32988355,10991755,1851005,1735172,2020
"597",12,"OH",102117079,260255623,1084541132,247194386,271402304,133050812,169919753,173426810,55769779,22651928,8784064,1638518,702778,2020
"598",12,"OK",33436638,88798811,339867847,76550746,86106725,40169632,50220370,53230516,19145993,9409854,4090126,764136,179749,2020
"599",12,"OR",41491848,88420255,342156949,81190845,89447064,41859201,48201541,51319258,17717163,8612365,2884961,602506,322045,2020
"600",12,"PA",118721571,278297289,1109660424,261141295,278521745,137519549,173133122,165168166,55438387,26529519,10206807,1408644,593190,2020
"601",12,"RI",9664357,23112408,95446194,23095256,26200785,12038072,14066375,13422893,4493253,1611287,373442,79674,65157,2020
"602",12,"SC",38174747,119433190,466486442,95258182,113536752,60124320,78488773,76700624,25904942,10183247,5105070,965164,219368,2020
"603",12,"SD",7077465,20271820,81479198,19566196,21757959,9668846,10724673,9947660,4962354,3027752,1498642,255662,69454,2020
"604",12,"TN",53019288,156851022,609015638,123390105,147780447,76298900,98414623,102491663,36603699,14472359,7127163,2027494,409185,2020
"605",12,"TX",220582268,669174927,2473129917,566796606,618601200,299545986,373781113,382098880,143249673,57911565,23598738,5546708,1999448,2020
"606",12,"UT",29209384,68784871,290590842,66951636,74744121,36871535,43475759,40517705,17053913,6654404,3136093,897473,288203,2020
"607",12,"VA",72403624,191644611,783501222,176767781,191058804,97419494,122436457,121479807,44227043,20485773,7698013,1442998,485052,2020
"608",12,"VT",5504436,13910833,55827780,10714455,14370507,6966024,7947627,9671533,4349914,1355776,360250,63373,28321,2020
"609",12,"WA",70541206,163062115,606419424,142412764,150275929,70670584,92184044,96472910,35847985,12713465,4249751,784034,807958,2020
"610",12,"WI",50029873,130190735,506413768,107206880,123134806,61071800,77336186,81115155,33302747,15085531,6626034,1223203,311426,2020
"611",12,"WV",15872557,40108235,150387050,30504541,37042787,18208381,23470747,23497473,10443396,5325278,1563368,279086,51993,2020
"612",12,"WY",5187227,12722620,54093194,13301477,15547214,7040122,5388762,5117669,3915465,2502464,1064768,174060,41193,2020
